-- MySQL dump 10.13  Distrib 9.4.0, for Linux (x86_64)
--
-- Host: localhost    Database: EventManagement
-- ------------------------------------------------------
-- Server version       9.4.0

/*!40101 SET @OLD_CHARACTER_SET_CLIENT=@@CHARACTER_SET_CLIENT */;
/*!40101 SET @OLD_CHARACTER_SET_RESULTS=@@CHARACTER_SET_RESULTS */;
/*!40101 SET @OLD_COLLATION_CONNECTION=@@COLLATION_CONNECTION */;
/*!50503 SET NAMES utf8mb4 */;
/*!40103 SET @OLD_TIME_ZONE=@@TIME_ZONE */;
/*!40103 SET TIME_ZONE='+00:00' */;
/*!40014 SET @OLD_UNIQUE_CHECKS=@@UNIQUE_CHECKS, UNIQUE_CHECKS=0 */;
/*!40014 SET @OLD_FOREIGN_KEY_CHECKS=@@FOREIGN_KEY_CHECKS, FOREIGN_KEY_CHECKS=0 */;
/*!40101 SET @OLD_SQL_MODE=@@SQL_MODE, SQL_MODE='NO_AUTO_VALUE_ON_ZERO' */;
/*!40111 SET @OLD_SQL_NOTES=@@SQL_NOTES, SQL_NOTES=0 */;

--
-- Table structure for table `availability`
--

DROP TABLE IF EXISTS `availability`;
/*!40101 SET @saved_cs_client     = @@character_set_client */;
/*!50503 SET character_set_client = utf8mb4 */;
CREATE TABLE `availability` (
  `userID` int NOT NULL,
  `eventID` int NOT NULL,
  `availabilityStart` time DEFAULT NULL,
  `availabilityEnd` time DEFAULT NULL,
  PRIMARY KEY (`eventID`,`userID`),
  KEY `userID` (`userID`),
  CONSTRAINT `availability_ibfk_1` FOREIGN KEY (`userID`) REFERENCES `users` (`userID`),
  CONSTRAINT `availability_ibfk_2` FOREIGN KEY (`eventID`) REFERENCES `events` (`eventID`)
) ENGINE=InnoDB DEFAULT CHARSET=utf8mb4 COLLATE=utf8mb4_0900_ai_ci;
/*!40101 SET character_set_client = @saved_cs_client */;

--
-- Dumping data for table `availability`
--

LOCK TABLES `availability` WRITE;
/*!40000 ALTER TABLE `availability` DISABLE KEYS */;
INSERT INTO `availability` VALUES (1,1,'17:00:00','14:00:00'),(2,1,'20:15:00','06:45:00'),(3,1,'21:30:00','08:00:00'),(1,2,'11:30:00','15:00:00'),(3,2,'13:30:00','15:30:00'),(1,3,'15:30:00','20:15:00'),(2,3,'17:30:00','21:00:00'),(3,3,'15:00:00','21:00:00'),(1,4,'19:15:00','10:45:00'),(3,4,'23:00:00','08:00:00'),(1,5,'04:30:00','22:30:00'),(2,5,'04:00:00','22:30:00'),(3,5,'04:45:00','22:00:00'),(1,6,'07:00:00','19:45:00'),(2,6,'07:00:00','19:45:00'),(3,6,'07:30:00','19:30:00'),(2,7,'14:30:00','18:00:00'),(3,7,'17:45:00','20:00:00'),(1,8,'20:45:00','04:00:00'),(2,8,'19:30:00','02:00:00'),(1,9,'12:00:00','13:00:00'),(2,9,'12:15:00','12:45:00'),(3,9,'11:00:00','15:00:00');
/*!40000 ALTER TABLE `availability` ENABLE KEYS */;
UNLOCK TABLES;

--
-- Table structure for table `events`
--

DROP TABLE IF EXISTS `events`;
/*!40101 SET @saved_cs_client     = @@character_set_client */;
/*!50503 SET character_set_client = utf8mb4 */;
CREATE TABLE `events` (
  `eventID` int NOT NULL AUTO_INCREMENT,
  `eventHost` int NOT NULL,
  `eventName` varchar(255) DEFAULT NULL,
  `startDate` date DEFAULT NULL,
  `startTime` time DEFAULT NULL,
  `endDate` date DEFAULT NULL,
  `endTime` time DEFAULT NULL,
  `AddressStreetNo` int DEFAULT NULL,
  `AddressStreetName` varchar(255) DEFAULT NULL,
  `AddressSuburb` varchar(255) DEFAULT NULL,
  `AddressPostcode` varchar(4) DEFAULT NULL,
  `eventLink` varchar(8) DEFAULT NULL,
  PRIMARY KEY (`eventID`),
  UNIQUE KEY `eventID` (`eventID`),
  KEY `eventHost` (`eventHost`),
  CONSTRAINT `events_ibfk_1` FOREIGN KEY (`eventHost`) REFERENCES `users` (`userID`)
) ENGINE=InnoDB AUTO_INCREMENT=10 DEFAULT CHARSET=utf8mb4 COLLATE=utf8mb4_0900_ai_ci;
/*!40101 SET character_set_client = @saved_cs_client */;

--
-- Dumping data for table `events`
--

LOCK TABLES `events` WRITE;
/*!40000 ALTER TABLE `events` DISABLE KEYS */;
INSERT INTO `events` VALUES (1,1,'Birthday Bash','2031-09-11','17:00:00','2031-09-12','14:00:00',56,'Happy Street','Cherry Grove','5242',NULL),(2,2,'Rock Climbing','2029-11-12','11:00:00','2029-11-12','16:00:00',128,'Hindley Street','Adelaide','5000',NULL),(3,3,'Hill Hike','2028-02-22','15:00:00','2028-02-22','21:00:00',1,'Summit Road','Mt Barker','5251',NULL),(4,2,'Star Wars Marathon','2034-07-14','18:30:00','2034-07-16','12:00:00',432,'Electric Avenue','Rocky Downs','1983',NULL),(5,2,'Melbourne Trip','2035-10-10','04:00:00','2035-10-13','22:30:00',1,'James Schofield Drive','Adelaide Airport','5950',NULL),(6,1,'Japan Trip','2030-12-27','07:00:00','2031-01-10','19:45:00',1,'James Schofield Drive','Adelaide Airport','5950',NULL),(7,1,'Beach Day','2035-01-06','14:30:00','2035-01-06','21:30:00',1,'Norman Road',' Aldinga Beach','5173',NULL),(8,3,'New Year\'s Party','2039-12-31','19:00:00','2040-01-01','06:00:00',125,'North Terrace','Adelaide','5000',NULL),(9,3,'Solar Eclipse Viewing','2028-07-22','12:00:00','2028-07-22',NULL,266,'Mount Lofty Summit Road','Crafers','5152',NULL);
/*!40000 ALTER TABLE `events` ENABLE KEYS */;
UNLOCK TABLES;

--
-- Table structure for table `users`
--

DROP TABLE IF EXISTS `users`;
/*!40101 SET @saved_cs_client     = @@character_set_client */;
/*!50503 SET character_set_client = utf8mb4 */;
CREATE TABLE `users` (
  `userID` int NOT NULL AUTO_INCREMENT,
  `username` varchar(255) NOT NULL,
  `email` varchar(255) NOT NULL,
  `password` varchar(255) DEFAULT NULL,
  `givenName` varchar(50) DEFAULT NULL,
  `familyName` varchar(50) DEFAULT NULL,
  `homeStreetNo` int DEFAULT NULL,
  `homeStreetName` varchar(100) DEFAULT NULL,
  `homeSuburb` varchar(100) DEFAULT NULL,
  `homePostcode` varchar(4) DEFAULT NULL,
  `isAdmin` tinyint(1) DEFAULT NULL,
  PRIMARY KEY (`userID`),
  UNIQUE KEY `userID` (`userID`),
  UNIQUE KEY `username` (`username`),
  UNIQUE KEY `email` (`email`)
) ENGINE=InnoDB AUTO_INCREMENT=4 DEFAULT CHARSET=utf8mb4 COLLATE=utf8mb4_0900_ai_ci;
/*!40101 SET character_set_client = @saved_cs_client */;

--
-- Dumping data for table `users`
--

LOCK TABLES `users` WRITE;
/*!40000 ALTER TABLE `users` DISABLE KEYS */;
INSERT INTO `users` VALUES (1,'Adzzy','adammy1000@gmail.com','$argon2id$v=19$m=4096,t=3,p=1$y8Kut87pDZhT2LDUK9Lb2g$oNItPH60+d12mUYqrAgd/3t56cxWuZwNsVgXG8Bb8xo','Adam','Rebes',NULL,NULL,NULL,NULL,NULL),(2,'Vimmy','vim@mail.com','$argon2id$v=19$m=4096,t=3,p=1$uKslrW/wpsjESwj0siJx3w$rxbNWM8I+bJRvbt/7aHBycKQkXLUjL3m1NifgpxLQII','Vim','Johnson',NULL,NULL,NULL,NULL,NULL),(3,'Bobby','bob@mail.com','$argon2id$v=19$m=4096,t=3,p=1$RyUDOM9l2tU2oYGKc32bng$5uULjeJ7AcLJQFOKyvwG7gowb0kqpfZg3UojigBZHF4','Bob','Jenkins',NULL,NULL,NULL,NULL,NULL);
/*!40000 ALTER TABLE `users` ENABLE KEYS */;
UNLOCK TABLES;
/*!40103 SET TIME_ZONE=@OLD_TIME_ZONE */;

/*!40101 SET SQL_MODE=@OLD_SQL_MODE */;
/*!40014 SET FOREIGN_KEY_CHECKS=@OLD_FOREIGN_KEY_CHECKS */;
/*!40014 SET UNIQUE_CHECKS=@OLD_UNIQUE_CHECKS */;
/*!40101 SET CHARACTER_SET_CLIENT=@OLD_CHARACTER_SET_CLIENT */;
/*!40101 SET CHARACTER_SET_RESULTS=@OLD_CHARACTER_SET_RESULTS */;
/*!40101 SET COLLATION_CONNECTION=@OLD_COLLATION_CONNECTION */;
/*!40111 SET SQL_NOTES=@OLD_SQL_NOTES */;

-- Dump completed on 2025-10-19  2:07:01